{"score": 1.827598830790358e+33, "ade": 1.827598830790358e+33, "fde": 1.8275988418629776e+33, "nsample": 1.0}