{"score": 1.3248786183438142, "ade": 1.3248786183438142, "fde": 2.1663002520071695, "nsample": 1.0}