{"score": 0.7028581808938594, "ade": 0.7028581808938594, "fde": 1.413686180334416, "nsample": 1.0}