{"score": 1.3185252473677902, "ade": 1.3185252473677902, "fde": 2.9143885042682016, "nsample": 1.0}