{"score": 0.9962601214320116, "ade": 0.9962601214320116, "fde": 1.8789218438663093, "nsample": 1.0}