{"score": 0.5887792314895468, "ade": 0.5887792314895468, "fde": 1.1060568636107935, "emd": 0.0, "log_prob": -100000000.0, "nsample": 1.0, "execution time": 20.816048049926756, "time std": 0.4765454109173602}