{"score": 0.26056005993804193, "ade": 0.26056005993804193, "fde": 0.5484470613875287, "nsample": 1.0}