{"score": 0.5989686459696445, "ade": 0.5989686459696445, "fde": 1.1187921386003707, "emd": 0.0, "log_prob": [-10000000.0, -10000000.0, -10000000.0, -10000000.0, -10000000.0, -10000000.0, -10000000.0, -10000000.0, -10000000.0, -10000000.0, -10000000.0, -10000000.0], "nsample": 1.0, "execution time": 290.2425537109375, "time std": 1.348602294921875}