{"score": 0.22003209829831427, "ade": 0.22003209829831427, "fde": 0.4279863946911682, "nsample": 1.0}