{"score": 0.5224148643225528, "ade": 0.5224148643225528, "fde": 0.8300340898723872, "nsample": 1.0}