{"score": 0.8802414391126531, "ade": 0.8802414391126531, "fde": 1.8117244345380104, "nsample": 1.0}