{"score": 1.0174964164089357, "ade": 1.0174964164089357, "fde": 1.8138698529066937, "nsample": 1.0}