{"score": 0.6125762994373515, "ade": 0.6125762994373515, "fde": 1.1081766059405096, "nsample": 1.0}