{"score": 0.493743020338044, "ade": 0.493743020338044, "fde": 0.8021222648027382, "nsample": 1.0}