{"score": 0.9143260957945974, "ade": 0.9143260957945974, "fde": 1.9613901351754797, "nsample": 1.0}