{"score": 0.22361642390200737, "ade": 0.22361642390200737, "fde": 0.44262847468423844, "nsample": 1.0}