{"score": 0.22183856008468822, "ade": 0.22183856008468822, "fde": 0.4352270934718995, "nsample": 1.0}