{"score": 0.5624682438369475, "ade": 0.5624682438369475, "fde": 1.0540516530549118, "nsample": 1.0}