{"score": 0.5553372041081955, "ade": 0.5553372041081955, "fde": 1.0480152036414643, "nsample": 1.0}