{"score": 1.4110151139061824, "ade": 1.4110151139061824, "fde": 2.8102887650504194, "nsample": 1.0}