{"score": 1.5877568145884324, "ade": 1.5877568145884324, "fde": 3.502824983577175, "nsample": 1.0}