{"score": 0.2587842963619801, "ade": 0.2587842963619801, "fde": 0.5115802578049595, "nsample": 1.0}