{"score": 0.258903413684392, "ade": 0.258903413684392, "fde": 0.5173037299479396, "nsample": 1.0}