{"score": 0.9545170669138701, "ade": 0.9545170669138701, "fde": 1.7974144222808985, "nsample": 1.0}